{"contacts":{"Owner":{"type":"com\\zoho\\crm\\api\\users\\User","lookup":true,"structure_name":"com\\zoho\\crm\\api\\users\\User","name":"Owner"},"Lead_Source":{"type":"com\\zoho\\crm\\api\\util\\Choice","picklist":true,"values":["-None-","Advertisement","Cold Call","Employee Referral","External Referral","Online Store","Partner","Twitter","Public Relations","Facebook","Sales Email Alias","Google+","Seminar Partner","Internal Seminar","Trade Show","Web Download","Web Research","Web Cases","Web Mail","Chat"],"name":"Lead_Source"},"First_Name":{"type":"String","name":"First_Name"},"Last_Name":{"required":true,"type":"String","name":"Last_Name"},"Full_Name":{"type":"String","name":"Full_Name"},"Account_Name":{"type":"com\\zoho\\crm\\api\\record\\Record","lookup":true,"structure_name":"com\\zoho\\crm\\api\\record\\Record","module":"Accounts","skip_mandatory":true,"name":"Account_Name"},"Vendor_Name":{"type":"com\\zoho\\crm\\api\\record\\Record","lookup":true,"structure_name":"com\\zoho\\crm\\api\\record\\Record","module":"Vendors","name":"Vendor_Name"},"Email":{"type":"String","name":"Email"},"Title":{"type":"String","name":"Title"},"Department":{"type":"String","name":"Department"},"Phone":{"type":"String","name":"Phone"},"Home_Phone":{"type":"String","name":"Home_Phone"},"Other_Phone":{"type":"String","name":"Other_Phone"},"Fax":{"type":"String","name":"Fax"},"Mobile":{"type":"String","name":"Mobile"},"Date_of_Birth":{"type":"Date","name":"Date_of_Birth"},"Assistant":{"type":"String","name":"Assistant"},"Asst_Phone":{"type":"String","name":"Asst_Phone"},"Email_Opt_Out":{"type":"Boolean","name":"Email_Opt_Out"},"Skype_ID":{"type":"String","name":"Skype_ID"},"Salutation":{"type":"com\\zoho\\crm\\api\\util\\Choice","picklist":true,"values":["-None-","Mr.","Mrs.","Ms.","Dr.","Prof."],"name":"Salutation"},"Secondary_Email":{"type":"String","name":"Secondary_Email"},"Last_Activity_Time":{"type":"DateTime","name":"Last_Activity_Time"},"Twitter":{"type":"String","name":"Twitter"},"Reporting_To":{"type":"com\\zoho\\crm\\api\\record\\Record","lookup":true,"structure_name":"com\\zoho\\crm\\api\\record\\Record","module":"Contacts","name":"Reporting_To"},"Unsubscribed_Mode":{"type":"com\\zoho\\crm\\api\\util\\Choice","picklist":true,"values":["Consent form","Manual","Unsubscribe link","Zoho campaigns"],"name":"Unsubscribed_Mode"},"Unsubscribed_Time":{"type":"DateTime","name":"Unsubscribed_Time"},"Last_Enriched_Time__s":{"type":"DateTime","name":"Last_Enriched_Time__s"},"Enrich_Status__s":{"type":"com\\zoho\\crm\\api\\util\\Choice","picklist":true,"values":["Available","Enriched","Data not found"],"name":"Enrich_Status__s"},"Mailing_Street":{"type":"String","name":"Mailing_Street"},"Other_Street":{"type":"String","name":"Other_Street"},"Mailing_City":{"type":"String","name":"Mailing_City"},"Other_City":{"type":"String","name":"Other_City"},"Mailing_State":{"type":"String","name":"Mailing_State"},"Other_State":{"type":"String","name":"Other_State"},"Mailing_Zip":{"type":"String","name":"Mailing_Zip"},"Other_Zip":{"type":"String","name":"Other_Zip"},"Mailing_Country":{"type":"String","name":"Mailing_Country"},"Other_Country":{"type":"String","name":"Other_Country"},"Description":{"type":"String","name":"Description"},"Record_Image":{"type":"String","name":"Record_Image"}},"accounts":{"Owner":{"type":"com\\zoho\\crm\\api\\users\\User","lookup":true,"structure_name":"com\\zoho\\crm\\api\\users\\User","name":"Owner"},"Rating":{"type":"com\\zoho\\crm\\api\\util\\Choice","picklist":true,"values":["-None-","Acquired","Active","Market Failed","Project Cancelled","Shut Down"],"name":"Rating"},"Account_Name":{"required":true,"type":"String","name":"Account_Name"},"Phone":{"type":"String","name":"Phone"},"Account_Site":{"type":"String","name":"Account_Site"},"Fax":{"type":"String","name":"Fax"},"Parent_Account":{"type":"com\\zoho\\crm\\api\\record\\Record","lookup":true,"structure_name":"com\\zoho\\crm\\api\\record\\Record","module":"Accounts","skip_mandatory":true,"name":"Parent_Account"},"Website":{"type":"String","name":"Website"},"Account_Number":{"type":"Long","name":"Account_Number"},"Ticker_Symbol":{"type":"String","name":"Ticker_Symbol"},"Account_Type":{"type":"com\\zoho\\crm\\api\\util\\Choice","picklist":true,"values":["-None-","Analyst","Competitor","Customer","Distributor","Integrator","Investor","Other","Partner","Press","Prospect","Reseller","Supplier","Vendor"],"name":"Account_Type"},"Ownership":{"type":"com\\zoho\\crm\\api\\util\\Choice","picklist":true,"values":["-None-","Other","Private","Public","Subsidiary","Partnership","Government","Privately Held","Public Company"],"name":"Ownership"},"Industry":{"type":"com\\zoho\\crm\\api\\util\\Choice","picklist":true,"values":["-None-","ASP (Application Service Provider)","Data\/Telecom OEM","ERP (Enterprise Resource Planning)","Government\/Military","Large Enterprise","ManagementISV","MSP (Management Service Provider)","Network Equipment Enterprise","Non-management ISV","Optical Networking","Service Provider","Small\/Medium Enterprise","Storage Equipment","Storage Service Provider","Systems Integrator","Wireless Industry","Financial Services","Education","Technology","Real Estate","Consulting","Communications","Manufacturing"],"name":"Industry"},"Employees":{"type":"Integer","name":"Employees"},"Annual_Revenue":{"type":"Float","name":"Annual_Revenue"},"SIC_Code":{"type":"Integer","name":"SIC_Code"},"Last_Activity_Time":{"type":"DateTime","name":"Last_Activity_Time"},"Last_Enriched_Time__s":{"type":"DateTime","name":"Last_Enriched_Time__s"},"Enrich_Status__s":{"type":"com\\zoho\\crm\\api\\util\\Choice","picklist":true,"values":["Available","Enriched","Data not found"],"name":"Enrich_Status__s"},"Billing_Street":{"type":"String","name":"Billing_Street"},"Shipping_Street":{"type":"String","name":"Shipping_Street"},"Billing_City":{"type":"String","name":"Billing_City"},"Shipping_City":{"type":"String","name":"Shipping_City"},"Billing_State":{"type":"String","name":"Billing_State"},"Shipping_State":{"type":"String","name":"Shipping_State"},"Billing_Code":{"type":"String","name":"Billing_Code"},"Shipping_Code":{"type":"String","name":"Shipping_Code"},"Billing_Country":{"type":"String","name":"Billing_Country"},"Shipping_Country":{"type":"String","name":"Shipping_Country"},"Description":{"type":"String","name":"Description"},"Record_Image":{"type":"String","name":"Record_Image"}},"vendors":{"Owner":{"type":"com\\zoho\\crm\\api\\users\\User","lookup":true,"structure_name":"com\\zoho\\crm\\api\\users\\User","name":"Owner"},"Vendor_Name":{"required":true,"type":"String","name":"Vendor_Name"},"Phone":{"type":"String","name":"Phone"},"Email":{"type":"String","name":"Email"},"Website":{"type":"String","name":"Website"},"GL_Account":{"type":"com\\zoho\\crm\\api\\util\\Choice","picklist":true,"values":["Sales-Software","Sales-Hardware","Rental Income","Interest Income","Sales Software Support","Sales Other","Interest Sales","Labor Hardware Service"],"name":"GL_Account"},"Category":{"type":"String","name":"Category"},"Street":{"type":"String","name":"Street"},"City":{"type":"String","name":"City"},"State":{"type":"String","name":"State"},"Zip_Code":{"type":"String","name":"Zip_Code"},"Country":{"type":"String","name":"Country"},"Description":{"type":"String","name":"Description"},"Record_Image":{"type":"String","name":"Record_Image"}}}